timestamp,tx,ty,tz,qx,qy,qz,qw,kf_id,map_id
1772193941.711016,0.148915,-0.132447,-1.600064,0.024997,-0.159284,0.020691,0.986699,13,0
1772193940.170966,0.167421,0.003830,-0.326547,0.017693,-0.084854,-0.001176,0.996236,5,0
1772193939.731005,0.005917,0.022708,-0.030290,-0.001591,-0.011183,-0.000298,0.999936,1,0
1772193940.610998,0.232444,-0.005463,-0.715834,0.015711,-0.077249,0.001064,0.996887,7,0
1772193939.676004,0.000000,0.000000,0.000000,0.000000,0.000000,0.000000,1.000000,0,0
1772193941.381006,0.171449,-0.114521,-1.332699,0.021010,-0.070779,0.026360,0.996922,11,0
1772193941.160998,0.196766,-0.075636,-1.216769,0.000124,-0.046292,0.027354,0.998553,10,0
1772193943.856014,-2.256381,-0.184668,-3.536638,0.054182,-0.613855,0.035515,0.786756,23,0
1772193942.865983,-0.776450,-0.103476,-3.472711,0.040158,-0.629349,0.029068,0.775540,20,0
1772193941.546010,0.163607,-0.118854,-1.439448,0.020703,-0.102665,0.032530,0.993968,12,0
1772193940.005985,0.104067,0.015150,-0.197972,0.017519,-0.068756,-0.008498,0.997443,4,0
1772193942.701027,-0.590515,-0.096125,-3.255015,0.040707,-0.592316,0.029601,0.804132,19,0
1772193942.205989,-0.081217,-0.131747,-2.346387,0.029277,-0.387027,-0.000826,0.921603,16,0
1772193939.786013,0.019466,0.034383,-0.058069,0.001971,-0.021320,-0.001762,0.999769,2,0
1772193940.390999,0.214811,-0.005356,-0.518477,0.014553,-0.089015,0.006136,0.995905,6,0
1772193939.896023,0.056799,0.033927,-0.120094,0.010434,-0.048170,-0.007869,0.998754,3,0
1772193940.940976,0.215819,-0.031023,-1.046298,-0.013150,-0.051658,0.002017,0.998576,9,0
1772193940.776007,0.232349,-0.021117,-0.881304,0.018755,-0.060679,-0.005968,0.997963,8,0
1772193942.536027,-0.414164,-0.111327,-2.978896,0.039881,-0.536258,0.013275,0.843007,18,0
1772193943.141012,-1.098080,-0.083962,-3.570779,0.040489,-0.653414,0.025301,0.755493,21,0
1772193941.875997,0.112519,-0.130333,-1.813988,0.017220,-0.235444,0.009129,0.971692,14,0
1772193943.580986,-1.778962,-0.197484,-3.602333,0.050537,-0.654236,0.033014,0.753877,22,0
1772193942.040999,0.029795,-0.130367,-2.060555,0.017393,-0.308491,0.005643,0.951052,15,0
1772193942.370995,-0.246183,-0.114712,-2.653776,0.039653,-0.471258,0.001845,0.881102,17,0
1772193944.130985,-2.744106,-0.206415,-3.457891,0.038220,-0.569445,0.029482,0.820611,24,0
1772193944.350967,-3.132969,-0.219608,-3.350361,0.034213,-0.540918,0.033579,0.839708,26,0
1772193944.681007,-3.741455,-0.260338,-3.120615,0.034001,-0.515290,0.028533,0.855865,29,0
1772193944.460983,-3.333742,-0.223762,-3.278831,0.038421,-0.531593,0.036301,0.845349,27,0
1772193945.725984,-5.630047,-0.413298,-2.098238,0.047729,-0.385435,0.066181,0.919120,37,0
1772193944.900977,-4.142954,-0.302984,-2.923153,0.037141,-0.491412,0.033996,0.869471,31,0
1772193945.010983,-4.339387,-0.309460,-2.815296,0.044845,-0.480074,0.040646,0.875137,32,0
1772193945.120979,-4.552710,-0.319740,-2.714202,0.058750,-0.459253,0.040225,0.885448,33,0
1772193944.240987,-2.942186,-0.216576,-3.417308,0.030620,-0.556972,0.035367,0.829213,25,0
1772193945.395979,-5.063404,-0.379244,-2.410203,0.039894,-0.418186,0.062204,0.905350,35,0
1772193944.790976,-3.940833,-0.284297,-3.030583,0.030434,-0.508469,0.034468,0.859852,30,0
1772193944.570989,-3.528191,-0.238516,-3.205204,0.041247,-0.522381,0.038534,0.850842,28,0
1772193945.890981,-5.907135,-0.417257,-1.936426,0.036670,-0.376083,0.067861,0.923370,38,0
1772193945.560959,-5.353718,-0.414059,-2.263075,0.041212,-0.397878,0.065335,0.914180,36,0
1772193945.230978,-4.760810,-0.341239,-2.583652,0.063500,-0.435792,0.047906,0.896525,34,0
1772193946.990953,-7.337119,-0.452906,-0.376460,0.024865,-0.169784,0.044004,0.984184,45,0
1772193946.660973,-7.009925,-0.464901,-0.940990,0.031034,-0.249971,0.051480,0.966385,43,0
1772193946.495932,-6.821643,-0.436061,-1.198621,0.036997,-0.287015,0.057946,0.955456,42,0
1772193946.165936,-6.333487,-0.452140,-1.656246,0.029404,-0.358308,0.065151,0.930863,40,0
1772193947.870976,-7.872081,-0.501015,1.358117,0.044589,0.007714,0.038333,0.998240,50,0
1772193946.330986,-6.587095,-0.438614,-1.434051,0.030252,-0.331669,0.060051,0.940996,41,0
1772193947.155999,-7.486988,-0.454127,-0.069496,0.022188,-0.144749,0.034231,0.988627,46,0
1772193946.825989,-7.179068,-0.477236,-0.671325,0.023369,-0.199227,0.050448,0.978375,44,0
1772193947.705975,-7.835020,-0.490424,1.030522,0.052733,-0.043598,0.036875,0.996975,49,0
1772193947.540922,-7.750912,-0.491193,0.679516,0.037728,-0.090293,0.044022,0.994226,48,0
1772193947.320973,-7.614453,-0.487853,0.249016,0.015680,-0.127672,0.050180,0.990422,47,0
1772193946.000973,-6.080771,-0.434208,-1.832224,0.027051,-0.373513,0.076405,0.924077,39,0
1772193948.200973,-7.898757,-0.467902,2.016740,0.017974,0.084036,0.060654,0.994453,53,0
1772193947.980990,-7.877254,-0.508937,1.580001,0.032480,0.053551,0.038438,0.997296,51,0
1772193949.025999,-7.739952,-0.442113,3.656224,0.028042,0.132879,0.017270,0.990585,58,0
1772193948.476002,-7.919741,-0.480287,2.556423,0.032387,0.080071,0.058957,0.994517,55,0
1772193948.365978,-7.915592,-0.463031,2.340060,0.033952,0.078496,0.055403,0.994795,54,0
1772193948.860977,-7.813571,-0.448886,3.311544,0.027559,0.110918,0.031064,0.992962,57,0
1772193948.090978,-7.887568,-0.489389,1.797304,0.022655,0.072242,0.057391,0.995477,52,0
1772193950.950953,-6.574100,-0.331852,7.216888,0.020459,0.078884,0.039298,0.995899,69,0
1772193950.620961,-6.872355,-0.306704,6.529615,0.014656,0.050602,0.020756,0.998396,67,0
1772193949.960966,-7.341740,-0.397306,5.252097,0.034070,-0.022292,-0.011327,0.999107,63,0
1772193948.640975,-7.881027,-0.485796,2.879183,0.023430,0.097248,0.055929,0.993411,56,0
1772193949.795937,-7.395815,-0.403824,4.986562,0.032694,0.007777,-0.001423,0.999434,62,0
1772193949.300981,-7.591899,-0.433522,4.174819,0.023079,0.146990,0.039112,0.988095,59,0
1772193949.465988,-7.511050,-0.384894,4.469509,0.019792,0.114378,0.033124,0.992688,60,0
1772193949.630959,-7.438814,-0.371162,4.736706,0.019880,0.065254,0.012035,0.997598,61,0
1772193953.590946,-4.027670,-0.157108,12.196474,0.018057,0.447646,0.039592,0.893152,80,0
1772193952.160951,-5.620268,-0.266723,9.659684,0.017188,0.162605,0.045505,0.985491,75,0
1772193950.290974,-7.152056,-0.343721,5.885354,0.027374,0.001932,-0.008012,0.999591,65,0
1772193950.455964,-7.018298,-0.335918,6.203490,0.031055,0.022376,0.006126,0.999248,66,0
1772193950.125959,-7.263354,-0.344662,5.565736,0.033473,-0.018341,-0.010793,0.999213,64,0
1772193951.940948,-5.757402,-0.252422,9.271386,0.015277,0.184602,0.044644,0.981680,74,0
1772193951.720955,-5.933874,-0.271611,8.853040,-0.003242,0.191721,0.044486,0.980435,73,0
1772193951.280962,-6.302592,-0.277076,7.923045,0.014543,0.121479,0.016948,0.992343,71,0
1772193954.250943,-2.952625,-0.050913,12.917243,0.008931,0.606806,0.046406,0.793444,83,0
1772193952.435952,-5.413754,-0.247903,10.181160,0.018715,0.191428,0.038196,0.980585,76,0
1772193953.810940,-3.681106,-0.128418,12.500701,0.018962,0.513957,0.033661,0.856946,81,0
1772193950.785933,-6.735483,-0.290762,6.883089,0.017231,0.063022,0.029689,0.997422,68,0
1772193952.930977,-4.889563,-0.248845,11.132337,0.020076,0.339974,0.046361,0.939077,78,0
1772193952.710950,-5.131569,-0.229041,10.729798,0.018822,0.275844,0.036107,0.960339,77,0
1772193974.325875,-4.266026,0.358628,13.633722,-0.045162,0.988394,-0.019715,0.143698,201,0
1772193951.500955,-6.116043,-0.266811,8.395801,-0.000469,0.162066,0.017726,0.986621,72,0
1772193951.115954,-6.438122,-0.326632,7.566701,0.017254,0.098936,0.023751,0.994661,70,0
1772193954.580948,-2.400103,-0.042179,13.148767,0.006629,0.630703,0.048316,0.774491,84,0
1772193954.965941,-1.723022,0.049207,13.306294,-0.006448,0.672478,0.033024,0.739352,86,0
1772193954.745947,-2.121193,-0.019784,13.226904,0.001679,0.648931,0.037726,0.759909,85,0
1772193955.130943,-1.417144,0.066244,13.302849,-0.013248,0.707452,0.033403,0.705847,87,0
1772193955.240942,-1.225627,0.065592,13.293375,-0.002988,0.721754,0.034217,0.691297,88,0
1772193953.205957,-4.538401,-0.187782,11.620537,0.025290,0.382452,0.046663,0.922450,79,0
1772193956.945893,1.730621,0.351501,12.415955,0.008969,0.828478,0.033513,0.558946,100,0
1772193956.780939,1.483429,0.327988,12.526889,0.007575,0.827028,0.018261,0.561813,99,0
1772193955.570942,-0.623196,0.163953,13.206887,-0.004779,0.745845,0.042194,0.664765,90,0
1772193954.030946,-3.315267,-0.108386,12.745669,0.014683,0.567787,0.043886,0.821874,82,0
1772193955.680962,-0.415462,0.174403,13.162085,-0.003498,0.746849,0.046359,0.663366,91,0
1772193957.275935,2.149377,0.369158,12.192440,0.005457,0.843675,0.026246,0.536184,102,0
1772193957.110908,1.940692,0.341565,12.299021,0.014965,0.835047,0.023857,0.549457,101,0
1772193956.340936,0.769775,0.260442,12.818953,-0.003625,0.793578,0.012453,0.608330,96,0
1772193956.120934,0.351663,0.228156,12.952100,-0.005960,0.764675,0.035925,0.643387,94,0
1772193955.845947,-0.129287,0.160953,13.090119,0.006535,0.747572,0.042288,0.662801,92,0
1772193956.615939,1.236089,0.292142,12.641752,-0.001267,0.824739,0.017170,0.565251,98,0
1772193956.450942,0.954337,0.263396,12.742739,-0.001686,0.806143,0.014672,0.591537,97,0
1772193956.230930,0.555160,0.251965,12.886808,-0.003290,0.775590,0.024971,0.630735,95,0
1772193955.955952,0.060622,0.181266,13.036016,0.001973,0.752590,0.041395,0.657184,93,0
1772193955.405941,-0.932935,0.113369,13.260577,-0.010946,0.744193,0.046582,0.666249,89,0
1772193957.770924,2.844791,0.440027,11.891241,-0.000046,0.885348,0.023391,0.464341,105,0
1772193957.440923,2.383065,0.418053,12.093515,-0.003587,0.857369,0.030220,0.513801,103,0
1772193958.485920,3.771406,0.491281,11.465860,0.011357,0.888975,0.029888,0.456839,109,0
1772193957.935906,3.052816,0.465572,11.799354,0.004151,0.894328,0.023921,0.446753,106,0
1772193958.100941,3.260659,0.499899,11.691784,0.005951,0.895568,0.025886,0.444131,107,0
1772193958.265935,3.485913,0.498536,11.582650,0.010584,0.893895,0.032658,0.446960,108,0
1772193958.815919,4.188738,0.568994,11.243891,-0.008633,0.900025,0.023666,0.435110,111,0
1772193958.650931,3.969449,0.526269,11.362724,0.000059,0.890007,0.022602,0.455387,110,0
1772193959.035931,4.488199,0.593148,11.075751,-0.016482,0.920164,0.021522,0.390593,112,0
1772193957.605931,2.628592,0.439966,11.995796,-0.004285,0.874737,0.021333,0.484110,104,0
1772193959.420929,4.913903,0.639780,10.683853,-0.000843,0.949346,0.015808,0.313832,114,0
1772193960.355917,5.535691,0.682803,9.941079,0.005387,0.998862,-0.004669,0.047155,119,0
1772193959.860932,5.309076,0.643885,10.276655,0.008316,0.967052,0.014667,0.254021,116,0
1772193960.025928,5.414509,0.666426,10.145202,0.004403,0.980182,0.010248,0.197785,117,0
1772193961.290915,5.373336,0.750756,9.412570,0.004206,0.964798,-0.017087,-0.262404,125,0
1772193961.730934,5.116208,0.781072,9.403666,0.007661,-0.830361,0.019271,0.556840,128,0
1772193961.400930,5.308312,0.774496,9.384276,0.003883,0.944461,-0.013148,-0.328337,126,0
1772193959.640898,5.131016,0.647355,10.456922,0.013901,0.957149,0.025008,0.288179,115,0
1772193959.255928,4.747380,0.616486,10.864161,-0.010018,0.939761,0.019884,0.341105,113,0
1772193960.190957,5.477523,0.687864,10.028210,0.007088,0.993052,0.003460,0.117409,118,0
1772193962.390919,4.910942,0.784859,9.834003,0.019105,-0.587972,0.031371,0.808047,134,0
1772193962.060904,5.010930,0.777213,9.574876,0.023858,-0.691462,0.022171,0.721678,131,0
1772193960.685906,5.547256,0.714066,9.729419,-0.007178,0.998140,-0.007637,-0.060052,121,0
1772193961.125916,5.451221,0.740888,9.464347,0.012742,0.982227,-0.022287,-0.185932,124,0
1772193960.795945,5.533867,0.736582,9.645482,-0.001227,0.996251,-0.014282,-0.085320,122,0
1772193960.520918,5.558375,0.687151,9.845396,0.002315,0.999881,-0.001692,-0.015177,120,0
1772193961.950905,5.037742,0.779852,9.491982,0.021077,-0.736212,0.027744,0.675854,130,0
1772193961.565926,5.201277,0.783867,9.374300,-0.004017,0.896580,-0.013224,-0.442667,127,0
1772193960.960908,5.505713,0.750350,9.538798,0.022685,0.991235,-0.013986,-0.129394,123,0
1772193961.840916,5.071013,0.777837,9.430145,0.012586,-0.783424,0.025373,0.620841,129,0
1772193962.170906,4.968988,0.782739,9.667097,0.025078,-0.649275,0.017097,0.759948,132,0
1772193962.280912,4.938437,0.786470,9.756368,0.032116,-0.613549,0.023873,0.788642,133,0
1772193962.500914,4.894087,0.778433,9.890525,0.020694,-0.571244,0.036906,0.819689,135,0
1772193962.665902,4.848903,0.781877,9.984658,0.008046,-0.546394,0.036912,0.836676,136,0
1772193962.775903,4.809184,0.788333,10.047593,0.003971,-0.530667,0.037378,0.846747,137,0
1772193962.940907,4.715539,0.796454,10.135026,0.005088,-0.523742,0.034479,0.851164,138,0
1772193964.645912,2.806546,0.639074,11.435205,0.038656,-0.541373,0.041617,0.838862,150,0
1772193963.985912,3.691919,0.710691,10.955207,0.019696,-0.553389,0.018602,0.832482,146,0
1772193963.160922,4.522071,0.787950,10.292811,0.030306,-0.518719,0.021678,0.854132,140,0
1772193963.050924,4.625839,0.800218,10.208091,0.017847,-0.520943,0.027070,0.852976,139,0
1772193963.545900,4.168112,0.727418,10.602884,0.042171,-0.501339,0.024708,0.863869,143,0
1772193963.820903,3.873559,0.760528,10.824074,0.021831,-0.534545,0.018685,0.844651,145,0
1772193963.270909,4.416420,0.760641,10.386904,0.037504,-0.508215,0.007524,0.860380,141,0
1772193965.470896,1.671865,0.610690,11.798001,0.026056,-0.643054,0.019625,0.765126,155,0
1772193964.810896,2.575597,0.655867,11.533024,0.021372,-0.537757,0.034531,0.842121,151,0
1772193963.380863,4.317358,0.736682,10.476268,0.041831,-0.503991,0.019776,0.862469,142,0
1772193964.150903,3.505391,0.684634,11.059895,0.038915,-0.577978,0.024643,0.814751,147,0
1772193963.655910,4.055923,0.745313,10.688804,0.035527,-0.510314,0.020744,0.859004,144,0
1772193964.315902,3.272458,0.707063,11.188478,0.036685,-0.574305,0.021248,0.817543,148,0
1772193964.480919,3.034159,0.677036,11.316042,0.047195,-0.555264,0.022929,0.830017,149,0
1772193967.835889,-1.840067,0.459961,12.988194,0.035558,-0.641632,0.012009,0.766093,166,0
1772193966.570893,0.060047,0.538693,12.265296,0.022948,-0.636162,0.027216,0.770734,160,0
1772193965.910903,1.015167,0.583476,12.052550,0.029348,-0.584078,0.016097,0.811007,157,0
1772193966.130897,0.703081,0.597997,12.160966,0.024248,-0.579433,0.025959,0.814245,158,0
1772193964.975894,2.337266,0.677218,11.621571,0.012437,-0.561511,0.039929,0.826412,152,0
1772193965.140900,2.115977,0.640093,11.685493,-0.001838,-0.597368,0.035513,0.801178,153,0
1772193966.350892,0.363948,0.569104,12.230033,-0.002391,-0.594437,0.034307,0.803406,159,0
1772193967.230914,-0.987671,0.539997,12.711017,0.007541,-0.568844,0.017698,0.822220,163,0
1772193966.790897,-0.294951,0.551221,12.369949,0.039822,-0.637689,0.012600,0.769161,161,0
1772193965.305891,1.897660,0.603083,11.737909,0.013708,-0.628562,0.025993,0.777204,154,0
1772193965.690887,1.335449,0.607258,11.911250,0.038704,-0.613874,0.005978,0.788432,156,0
1772193967.450884,-1.318974,0.515440,12.849297,0.008084,-0.588707,0.031689,0.807685,164,0
1772193967.010918,-0.647102,0.530513,12.539144,0.026619,-0.601051,0.009298,0.798713,162,0
1772193968.495899,-2.804086,0.421716,13.333452,0.039072,-0.632427,0.003719,0.773625,171,0
1772193969.045894,-3.572954,0.373379,13.429132,0.050737,-0.724701,0.007370,0.687154,175,0
1772193968.880882,-3.356827,0.378598,13.425289,0.037570,-0.701583,0.011414,0.711505,174,0
1772193968.000902,-2.083230,0.472402,13.075569,0.049684,-0.638479,-0.005491,0.768014,167,0
1772193968.110885,-2.245992,0.460141,13.143606,0.040326,-0.625903,-0.017973,0.778650,168,0
1772193968.605883,-2.970243,0.418333,13.376317,0.035833,-0.647653,0.014128,0.760962,172,0
1772193968.715829,-3.142740,0.392226,13.410510,0.018839,-0.668182,0.010938,0.743679,173,0
1772193968.385885,-2.639243,0.399051,13.284176,0.046336,-0.620359,0.004502,0.782935,170,0
1772193968.275901,-2.474688,0.418986,13.225164,0.043009,-0.618649,-0.000785,0.784489,169,0
1772193967.670881,-1.609396,0.440097,12.930719,0.030479,-0.629620,0.026839,0.775841,165,0
1772193970.365877,-5.197710,0.301427,13.282643,0.076006,-0.819964,0.006321,0.567311,183,0
1772193969.210894,-3.818235,0.396490,13.423822,0.064630,-0.733776,0.000233,0.676310,176,0
1772193969.375894,-4.049699,0.357369,13.421421,0.063083,-0.731510,-0.005204,0.678886,177,0
1772193969.540875,-4.278331,0.321613,13.422977,0.059698,-0.735119,0.011981,0.675198,178,0
1772193973.445827,-4.959190,0.276073,13.466206,-0.068629,0.937776,-0.004265,-0.340364,197,0
1772193972.510878,-5.485779,0.290616,13.300167,0.057437,-0.834602,0.004289,0.547834,193,0
1772193969.705898,-4.483794,0.343208,13.404456,0.066517,-0.745512,0.018325,0.662911,179,0
1772193971.190866,-5.643439,0.282508,13.167506,0.070409,-0.831691,0.001335,0.550755,187,0
1772193971.575889,-5.725202,0.302297,13.209624,0.063652,-0.835244,-0.031583,0.545270,189,0
1772193970.200868,-5.036229,0.290997,13.324496,0.069840,-0.814898,0.016626,0.575141,182,0
1772193979.990793,-3.373382,0.570550,8.137480,-0.048016,0.970644,-0.007714,-0.235554,232,0
1772193972.015850,-5.709385,0.292049,13.282987,0.051440,-0.842913,-0.009485,0.535502,191,0
1772193972.290862,-5.611656,0.284001,13.301842,0.066584,-0.839236,-0.002388,0.539669,192,0
1772193973.885859,-4.769491,0.351329,13.453901,-0.079487,0.993663,-0.008008,-0.079069,199,0
1772193973.225854,-5.107466,0.281610,13.395487,-0.059000,0.904340,-0.010159,-0.422593,196,0
1772193973.005869,-5.207346,0.284376,13.339384,-0.052072,0.874461,-0.009575,-0.482198,195,0
1772193972.785876,-5.307268,0.287493,13.302780,0.054297,-0.855635,0.004885,0.514701,194,0
1772193974.765854,-3.887710,0.360247,13.902230,-0.050126,0.923547,0.012105,0.380002,204,0
1772193974.875876,-3.792852,0.371698,13.918753,-0.046361,0.905646,0.011554,0.421334,205,0
1772193974.655884,-3.982254,0.346497,13.860647,-0.047656,0.942077,0.001114,0.331992,203,0
1772193974.545856,-4.064733,0.353971,13.769911,-0.044916,0.961194,-0.008323,0.272065,202,0
1772193974.105841,-4.468529,0.373699,13.498569,-0.058806,0.997731,-0.014581,0.029346,200,0
1772193973.665857,-4.790909,0.304391,13.486597,-0.079584,0.972765,0.001951,-0.217695,198,0
1772193975.920849,-2.701418,0.477591,13.460352,-0.024837,0.935755,0.011418,0.351588,214,0
1772193978.725843,-2.697467,0.584414,9.736671,-0.045579,0.967565,-0.014417,-0.248059,227,0
1772193977.570854,-2.323860,0.618088,11.258371,-0.037021,0.975888,0.000427,-0.215108,223,0
1772193975.480854,-3.206753,0.382888,13.787238,-0.031398,0.865883,-0.000382,0.499260,210,0
1772193975.590866,-3.068459,0.420591,13.736379,-0.027827,0.877579,0.005161,0.478597,211,0
1772193975.095873,-3.580227,0.376051,13.887892,-0.034263,0.880838,0.008371,0.472101,207,0
1772193974.985857,-3.686035,0.379849,13.918632,-0.038268,0.891781,0.005354,0.450813,206,0
1772193975.205873,-3.480202,0.362955,13.863137,-0.028325,0.872463,0.001677,0.487856,208,0
1772193976.910823,-2.272382,0.583385,12.132139,-0.027587,0.999090,0.003830,-0.032314,220,0
1772193976.360839,-2.387239,0.576658,12.903400,-0.017937,0.981599,0.011871,0.189738,217,0
1772193975.370856,-3.326788,0.363870,13.814773,-0.031473,0.863232,-0.000660,0.503825,209,0
1772193975.810983,-2.801993,0.472579,13.579769,-0.027485,0.916596,0.015617,0.398563,213,0
1772193975.700859,-2.937943,0.448183,13.665484,-0.022330,0.895519,0.003999,0.444445,212,0
1772193976.195851,-2.487151,0.543318,13.139014,-0.030688,0.969816,0.013641,0.241513,216,0
1772193976.030851,-2.608603,0.503427,13.330629,-0.024657,0.953349,0.019321,0.300240,215,0
1772193976.525869,-2.312237,0.559165,12.663855,-0.002915,0.991618,0.010920,0.128706,218,0
1772193977.130845,-2.280118,0.583760,11.820530,-0.043990,0.990862,-0.001085,-0.127496,221,0
1772193976.690840,-2.281237,0.553537,12.437668,-0.013149,0.998181,0.006084,0.058530,219,0
1772193978.175843,-2.421115,0.574648,10.473333,-0.044039,0.981282,-0.022687,-0.186097,225,0
1772193977.845844,-2.359064,0.582721,10.901468,-0.013136,0.980402,-0.002834,-0.196549,224,0
1772193977.350847,-2.299811,0.572449,11.559097,-0.034076,0.980779,-0.007074,-0.191991,222,0
1772193979.275815,-3.013041,0.556170,9.097549,-0.051135,0.980272,-0.016200,-0.190236,229,0
1772193978.450835,-2.548764,0.580991,10.090981,-0.049700,0.974962,-0.011959,-0.216415,226,0
1772193981.420832,-4.025908,0.611577,6.058637,-0.049876,0.983222,0.002319,-0.175449,240,0
1772193979.000837,-2.872659,0.598688,9.392499,-0.035623,0.971825,-0.001577,-0.232992,228,0
1772193979.770832,-3.267615,0.566647,8.425759,-0.059896,0.974801,-0.006401,-0.214788,231,0
1772193979.550826,-3.140896,0.593986,8.732311,-0.060745,0.980860,-0.004126,-0.184951,230,0
1772193981.090831,-3.893767,0.574851,6.530206,-0.056274,0.975599,0.002318,-0.212214,238,0
1772193980.925837,-3.826978,0.591502,6.757998,-0.072190,0.977558,0.004724,-0.197858,237,0
1772193980.210786,-3.494388,0.603959,7.814853,-0.035748,0.971973,-0.005047,-0.232304,233,0
1772193980.760835,-3.731692,0.588529,7.013340,-0.078989,0.981791,-0.008247,-0.172566,236,0
1772193981.255837,-3.968653,0.595827,6.298896,-0.056096,0.977339,0.000812,-0.204110,239,0
1772193980.595823,-3.649391,0.561794,7.257637,-0.069192,0.982083,-0.005329,-0.175204,235,0
1772193980.430858,-3.591632,0.574202,7.488338,-0.041625,0.978052,0.003535,-0.204128,234,0
1772193981.915838,-4.070969,0.573532,5.412371,-0.064412,0.997775,-0.006114,-0.016056,243,0
1772193981.750821,-4.062388,0.568652,5.621282,-0.061112,0.996273,-0.003573,-0.060763,242,0
1772193981.530812,-4.047177,0.604796,5.901012,-0.045112,0.989314,0.011143,-0.138196,241,0
1772193982.905837,-4.009071,0.589711,4.339081,-0.060765,0.956176,0.003946,0.286389,251,0
1772193983.455833,-3.706722,0.639626,3.855989,-0.060745,0.905088,0.005560,0.420826,256,0
1772193983.345834,-3.783630,0.644995,3.959645,-0.054892,0.911622,0.003642,0.407332,255,0
1772193982.300829,-4.084729,0.570969,4.937405,-0.065931,0.996943,-0.009470,0.040836,246,0
1772193982.465816,-4.076093,0.573806,4.763566,-0.056164,0.994969,-0.008260,0.082544,247,0
1772193982.080820,-4.085746,0.584969,5.191501,-0.076820,0.996969,-0.005372,0.011035,244,0
1772193982.685821,-4.057717,0.609481,4.530530,-0.054179,0.983468,0.001471,0.172779,249,0
1772193985.050804,-2.050413,0.801847,2.996064,-0.037612,0.704980,0.017152,0.708021,270,0
1772193984.665812,-2.517317,0.777423,3.091368,-0.047727,0.758223,0.016281,0.650043,267,0
1772193984.555841,-2.656014,0.760342,3.125220,-0.033707,0.768596,0.016311,0.638638,266,0
1772193982.575817,-4.068762,0.601759,4.642558,-0.055983,0.991129,-0.002036,0.120523,248,0
1772193982.190822,-4.085174,0.580512,5.061171,-0.075608,0.996835,-0.001404,0.024504,245,0
1772193983.565814,-3.624896,0.632618,3.752751,-0.055527,0.896124,-0.006528,0.440268,257,0
1772193983.125808,-3.920532,0.605534,4.166365,-0.049314,0.930068,0.004257,0.364039,253,0
1772193983.015815,-3.972005,0.586954,4.252099,-0.057293,0.941706,0.004773,0.331490,252,0
1772193983.235814,-3.853486,0.630690,4.063231,-0.051325,0.920825,0.010592,0.386438,254,0
1772193983.895811,-3.338783,0.677995,3.482082,-0.037331,0.868899,0.008812,0.493501,260,0
1772193984.445809,-2.783136,0.735624,3.172428,-0.032271,0.782623,0.022647,0.621247,265,0
1772193984.115822,-3.131860,0.678898,3.334972,-0.025758,0.836416,0.025006,0.546919,262,0
1772193982.795831,-4.043245,0.605335,4.424877,-0.062858,0.971401,0.014591,0.228510,250,0
1772193983.675839,-3.536420,0.636334,3.664272,-0.044754,0.890419,-0.004637,0.452913,258,0
1772193983.785840,-3.442747,0.655084,3.570935,-0.043265,0.880968,0.005423,0.471163,259,0
1772193984.335815,-2.905208,0.701548,3.216929,-0.023128,0.799991,0.015146,0.599375,264,0
1772193984.775810,-2.381141,0.773892,3.053601,-0.040725,0.746564,0.017805,0.663827,268,0
1772193984.005828,-3.244035,0.684173,3.404034,-0.027819,0.852160,0.017626,0.522244,261,0
1772193984.225814,-3.020006,0.683424,3.272956,-0.023849,0.819033,0.024086,0.572745,263,0
1772193985.765810,-1.276296,0.890436,3.059844,-0.028904,0.547467,0.035192,0.835587,275,0
1772193985.655823,-1.399990,0.866607,3.035653,-0.029782,0.557746,0.037385,0.828635,274,0
1772193984.885817,-2.245171,0.776355,3.024188,-0.042209,0.736432,0.018655,0.674935,269,0
1772193985.380804,-1.680845,0.842727,2.993005,-0.034316,0.617210,0.039347,0.785064,272,0
1772193986.315848,-0.681959,0.942567,3.231071,-0.033659,0.517802,0.025521,0.854457,279,0
1772193985.490804,-1.564209,0.849072,3.006727,-0.038050,0.589879,0.036561,0.805766,273,0
1772193985.215799,-1.862053,0.835282,2.983178,-0.030072,0.661826,0.024926,0.748639,271,0
1772193986.920811,-0.124546,1.020719,3.486757,-0.029786,0.458275,0.047526,0.887039,283,0
1772193985.985821,-1.034080,0.917922,3.123404,-0.046603,0.540900,0.030252,0.839250,277,0
1772193985.875825,-1.153023,0.910273,3.092816,-0.034155,0.541302,0.029244,0.839625,276,0
1772193986.150820,-0.852151,0.924118,3.177876,-0.042918,0.533183,0.024686,0.844550,278,0
1772193986.755802,-0.253751,1.010954,3.419108,-0.034614,0.468139,0.044525,0.881853,282,0
1772193986.645818,-0.348565,1.001305,3.371028,-0.032977,0.482779,0.047006,0.873858,281,0
1772193987.415820,0.249956,1.089519,3.729488,-0.032859,0.460951,0.035961,0.886088,286,0
1772193987.580812,0.351081,1.094337,3.790615,-0.038024,0.463989,0.034269,0.884361,287,0
1772193986.480808,-0.507795,0.982849,3.306235,-0.027515,0.498303,0.029499,0.866064,280,0
1772193988.460767,0.802757,1.241908,4.119255,-0.021449,0.171572,0.024420,0.984635,294,0
1772193987.910807,0.526556,1.133267,3.915861,-0.043571,0.394518,0.028722,0.917405,289,0
1772193987.250822,0.136708,1.082277,3.650117,-0.032308,0.477776,0.048602,0.876541,285,0
1772193987.085800,0.003360,1.053015,3.565836,-0.030079,0.465395,0.055475,0.882851,284,0
1772193987.745805,0.432303,1.104980,3.852504,-0.044326,0.442115,0.028735,0.895401,288,0
1772193988.240809,0.728340,1.189507,4.036827,-0.039522,0.259392,0.033990,0.964364,292,0
1772193988.020812,0.596242,1.160152,3.957157,-0.045932,0.351725,0.033692,0.934369,290,0
1772193988.955793,0.827808,1.341957,4.178468,-0.007095,0.073657,0.047658,0.996119,297,0
1772193988.790796,0.825388,1.321149,4.171929,-0.008823,0.099087,0.037298,0.994340,296,0
1772193988.350798,0.777187,1.211195,4.078805,-0.025106,0.215078,0.031071,0.975780,293,0
1772193988.130803,0.663177,1.178007,3.998165,-0.046998,0.300119,0.039070,0.951942,291,0
1772193988.625800,0.822465,1.291570,4.156677,-0.019677,0.133018,0.025863,0.990581,295,0
1772193989.285786,0.820600,1.357072,4.180223,-0.009018,0.061310,0.043660,0.997123,298,0
1772193990.110811,0.814967,1.349095,4.160153,0.029684,0.051811,0.063577,0.996189,299,0
